,City,Cloudiness,Country,Date,Humidity,Lat,Long,Max Temp,Wind Speed
0,albany,88,AU,1519924377,92,-35.02,117.88,55.97,5.06
1,cullman,20,US,1519922100,100,34.17,-86.84,60.8,4.7
2,upernavik,88,GL,1519924483,91,72.79,-56.15,20.06,3.94
3,ushuaia,40,AR,1519920000,81,-54.81,-68.31,50.0,20.8
4,punta arenas,40,CL,1519920000,54,-53.16,-70.91,55.4,33.33
5,brunswick,90,US,1519923360,93,41.25,-81.83,50.0,11.41
6,dikson,48,RU,1519924407,69,73.51,80.55,-1.64,9.98
7,padang,48,ID,1519924196,100,-0.92,100.36,82.52,2.71
8,xai-xai,24,MZ,1519924197,100,-25.04,33.64,75.86,11.43
9,tarakan,24,ID,1519924198,100,3.3,117.63,80.27,4.27
10,chokurdakh,64,RU,1519924394,69,70.62,147.9,-5.46,7.52
11,ahuimanu,90,US,1519919820,73,21.44,-157.84,75.2,11.41
12,arraial do cabo,40,BR,1519920000,66,-22.97,-42.02,87.8,4.7
13,luderitz,0,NA,1519920000,56,-26.65,15.16,73.4,35.57
14,emerald,20,AU,1519924199,89,-23.53,148.16,74.69,5.39
15,rikitea,48,PF,1519924358,99,-23.12,-134.97,80.85,18.37
16,tasiilaq,5,GL,1519923000,72,65.61,-37.64,17.6,4.7
17,lufilufi,20,WS,1519920000,94,-13.87,-171.6,77.0,6.93
18,sao filipe,0,CV,1519923761,92,14.9,-24.5,71.27,10.65
19,korla,12,CN,1519924201,74,41.76,86.15,25.19,2.59
20,busselton,0,AU,1519924359,100,-33.64,115.35,61.41,16.02
21,bestobe,44,KZ,1519923971,68,52.5,73.1,2.37,10.54
22,san gavino monreale,40,IT,1519923300,93,39.55,8.79,60.8,4.7
23,kavieng,48,PG,1519924467,100,-2.57,150.8,82.38,4.38
24,victoria,75,SC,1519920000,74,-4.62,55.45,84.2,9.17
25,tuktoyaktuk,20,CA,1519920000,74,69.44,-133.03,-22.01,8.05
26,antofagasta,20,CL,1519920000,56,-23.65,-70.4,71.6,11.41
27,butaritari,76,KI,1519924436,100,3.07,172.79,81.93,11.99
28,jamestown,0,SH,1519924411,100,-15.94,-5.72,74.51,11.77
29,lagoa,40,PT,1519921800,82,37.14,-8.45,59.0,25.28
30,sangar,48,RU,1519924205,32,63.92,127.47,-22.29,1.7
31,makakilo city,40,US,1519919820,83,21.35,-158.09,75.2,8.05
32,cape town,20,ZA,1519920000,57,-33.93,18.42,75.2,23.04
33,pekan,75,MY,1519920000,88,3.49,103.39,78.8,2.24
34,mackay,64,AU,1519920000,88,-21.15,149.2,77.0,4.7
35,severo-kurilsk,8,RU,1519924019,100,50.68,156.12,17.49,5.06
36,mar del plata,8,AR,1519923695,32,-46.43,-67.52,76.17,7.52
37,kjollefjord,90,NO,1519923000,92,70.95,27.35,26.6,1.12
38,vardo,0,NO,1519923000,85,70.37,31.11,21.2,9.17
39,khandyga,76,RU,1519924208,52,62.65,135.58,-18.33,2.93
40,bredasdorp,92,ZA,1519920000,56,-34.53,20.04,73.4,17.22
41,esmeraldas,40,EC,1519920000,52,-1.87,-79.8,87.8,6.93
42,bayan,0,KW,1519923600,64,29.3,48.05,69.8,8.05
43,palmer,1,US,1519921260,40,61.6,-149.11,17.6,27.51
44,aykhal,0,RU,1519923793,0,65.95,111.51,-31.11,4.94
45,tinyahuarco,56,PE,1519924210,78,-10.75,-76.3,52.82,3.83
46,ribeira grande,75,PT,1519921800,66,38.52,-28.7,53.6,10.29
47,kaitangata,92,NZ,1519924211,98,-46.28,169.85,57.27,4.16
48,san martin,68,AR,1519924212,66,-24.71,-64.13,81.3,4.94
49,port alfred,68,ZA,1519924366,92,-33.59,26.89,68.88,10.76
50,acapulco,5,MX,1519918860,69,16.86,-99.88,82.4,5.73
51,bluff,88,NZ,1519924403,98,-46.6,168.33,60.69,9.98
52,fairbanks,1,US,1519919880,74,64.84,-147.72,-23.81,6.96
53,sao joao da barra,12,BR,1519923774,100,-21.64,-41.05,79.68,12.21
54,east london,90,ZA,1519920060,94,-33.02,27.91,68.0,4.7
55,bethel,40,US,1519923180,72,60.79,-161.76,10.4,9.17
56,nikolskoye,0,RU,1519921800,78,59.7,30.79,10.4,4.47
57,yellowknife,75,CA,1519923600,69,62.45,-114.38,-7.61,12.75
58,vao,20,NC,1519923783,100,-22.67,167.48,78.69,5.73
59,puebloviejo,36,EC,1519924214,100,-1.55,-79.53,79.46,2.93
60,port-gentil,75,GA,1519920000,83,-0.72,8.78,78.8,9.17
61,hasaki,0,JP,1519920000,36,35.73,140.83,48.2,8.05
62,qaanaaq,80,GL,1519924420,94,77.48,-69.36,13.49,7.74
63,mount isa,40,AU,1519921800,94,-20.73,139.49,77.0,3.15
64,sobolevo,92,RU,1519924216,78,54.43,31.9,12.63,17.02
65,college,1,US,1519919880,74,64.86,-147.8,-23.81,6.96
66,kavaratti,0,IN,1519923869,99,10.57,72.64,84.99,7.18
67,port blair,24,IN,1519924217,97,11.67,92.75,84.36,7.74
68,pochutla,5,MX,1519919100,93,15.74,-96.47,82.4,20.8
69,avarua,20,CK,1519920000,88,-21.21,-159.78,77.0,3.36
70,orichi,0,RU,1519924218,76,58.4,49.06,7.77,9.98
71,altay,88,CN,1519923977,87,47.83,88.13,19.02,1.92
72,saint-joseph,0,RE,1519921800,74,-21.37,55.62,80.6,2.24
73,kruisfontein,100,ZA,1519924007,85,-34.0,24.73,68.43,8.63
74,coquimbo,75,CL,1519920000,72,-29.95,-71.34,66.2,9.17
75,newport,1,US,1519923360,44,41.49,-71.31,60.8,3.36
76,miguel hidalgo,5,MX,1519919580,40,19.41,-99.19,75.2,4.7
77,jacqueville,40,CI,1519921800,74,5.21,-4.42,86.0,13.87
78,atuona,64,PF,1519924471,100,-9.8,-139.03,80.54,17.81
79,hobart,75,AU,1519923600,87,-42.88,147.33,57.2,5.82
80,lithakia,40,GR,1519923000,76,37.72,20.83,55.4,17.22
81,zhanaozen,92,KZ,1519924223,86,43.35,52.85,44.4,14.67
82,saldanha,0,ZA,1519920000,36,-33.01,17.94,78.8,18.34
83,khatanga,36,RU,1519924467,70,71.98,102.47,-10.14,6.73
84,ipil,0,PH,1519924225,92,7.78,122.59,70.95,1.25
85,bambous virieux,40,MU,1519920000,88,-20.34,57.76,78.8,1.12
86,san pedro,36,AR,1519924227,48,-33.68,-59.66,89.54,3.94
87,palauig,32,PH,1519924227,100,15.44,119.9,73.34,2.71
88,rakaia,92,NZ,1519921800,100,-43.76,172.02,60.8,3.36
89,merauke,8,ID,1519923866,100,-8.49,140.4,78.42,4.61
90,saint-philippe,0,RE,1519921800,74,-21.36,55.77,80.6,2.24
91,khanpur,8,PK,1519924229,77,28.65,70.66,69.33,7.18
92,villa maria,0,AR,1519924230,44,-32.41,-63.24,91.79,5.17
93,tomatlan,0,MX,1519923759,58,19.93,-105.25,82.2,3.38
94,hermanus,8,ZA,1519924402,65,-34.42,19.24,65.96,8.97
95,pyapon,12,MM,1519924231,94,16.29,95.68,71.72,8.97
96,vaini,90,TO,1519920000,94,-21.2,-175.2,75.2,11.41
97,bonthe,8,SL,1519924232,64,7.53,-12.5,83.01,6.73
98,road town,40,VG,1519920000,58,18.42,-64.62,82.4,6.93
99,polazna,40,RU,1519921800,61,58.29,56.41,17.6,8.95
100,anadyr,20,RU,1519920000,100,64.73,177.51,28.4,31.32
101,novyy urengoy,36,RU,1519924234,68,66.08,76.63,-1.37,10.42
102,chuy,44,UY,1519924487,100,-33.69,-53.46,74.42,5.95
103,lompoc,75,US,1519922100,71,34.64,-120.46,51.8,12.75
104,elko,90,US,1519923360,86,40.83,-115.76,33.8,9.17
105,provideniya,92,RU,1519924496,96,64.42,-173.23,29.82,10.76
106,klaksvik,8,FO,1519921200,100,62.23,-6.59,32.0,10.29
107,te anau,92,NZ,1519924235,99,-45.41,167.72,55.61,2.26
108,mahebourg,40,MU,1519920000,88,-20.41,57.7,78.8,1.12
109,saint george,90,BM,1519919700,64,32.38,-64.68,68.0,8.05
110,beroroha,36,MG,1519924236,96,-21.68,45.17,73.83,5.17
111,lebu,0,CL,1519924501,86,-37.62,-73.65,61.64,12.88
112,itarema,32,BR,1519923953,100,-2.92,-39.92,80.36,7.96
113,datong,0,CN,1519924238,50,40.09,113.3,22.89,6.4
114,fraga,92,ES,1519924238,96,41.52,0.35,52.41,12.66
115,muncie,90,US,1519922640,93,40.19,-85.39,51.8,17.22
116,noumea,0,NC,1519921800,94,-22.28,166.46,71.6,2.37
117,sitka,0,US,1519924492,68,37.17,-99.65,47.42,6.06
118,lazaro cardenas,75,MX,1519918800,38,28.39,-105.62,42.8,6.93
119,santa cruz,0,CR,1519920000,35,10.26,-85.58,89.6,13.87
120,tiksi,68,RU,1519924405,59,71.64,128.87,-20.67,3.38
121,west wendover,90,US,1519923360,50,40.74,-114.07,33.8,3.36
122,hithadhoo,88,MV,1519924418,100,-0.6,73.08,83.96,8.63
123,castro,20,CL,1519924469,75,-42.48,-73.76,64.79,2.48
124,kodiak,1,US,1519919580,45,39.95,-94.76,42.8,16.11
125,new norfolk,75,AU,1519923600,87,-42.78,147.06,57.2,5.82
126,pala,0,TD,1519924242,31,9.37,14.91,87.15,5.06
127,newtownards,88,GB,1519923000,100,54.59,-5.69,32.0,20.8
128,mehamn,75,NO,1519921200,92,71.03,27.85,26.6,1.12
129,katsuura,75,JP,1519920660,42,33.93,134.5,48.2,20.8
130,bathsheba,75,BB,1519920000,78,13.22,-59.52,80.6,12.75
131,wageningen,64,SR,1519924245,94,5.77,-56.69,80.58,9.98
132,ramshir,20,IR,1519920000,72,30.89,49.41,68.0,6.93
133,haines junction,0,CA,1519923903,72,60.75,-137.51,-12.84,2.37
134,peniche,40,PT,1519921800,62,39.36,-9.38,59.0,14.99
135,takab,24,IR,1519924247,81,36.4,47.11,27.89,2.93
136,chumikan,24,RU,1519924247,38,54.72,135.31,-11.85,2.59
137,rechitsy,0,RU,1519921800,61,55.6,38.46,14.0,8.95
138,cidreira,0,BR,1519924464,75,-30.17,-50.22,81.62,9.75
139,waipawa,68,NZ,1519924250,87,-39.94,176.59,61.5,8.52
140,kapaa,90,US,1519919760,88,22.08,-159.32,73.4,14.99
141,rocha,32,UY,1519924251,79,-34.48,-54.34,77.57,6.17
142,geraldton,75,AU,1519921800,88,-28.77,114.6,69.8,14.99
143,remanso,12,BR,1519924046,76,-9.62,-42.08,87.02,3.94
144,coremas,20,BR,1519924252,83,-7.02,-37.95,84.27,4.27
145,port elizabeth,75,ZA,1519920000,78,-33.92,25.57,71.6,6.93
146,kovylkino,0,RU,1519924069,62,54.04,43.91,-2.94,8.3
147,veraval,0,IN,1519924255,50,20.9,70.37,80.76,13.22
148,mbini,80,GQ,1519924255,99,1.58,9.62,79.5,7.07
149,kharp,0,RU,1519924255,65,66.82,65.8,2.96,14.23
150,iracoubo,88,GF,1519924256,70,5.48,-53.21,82.52,6.4
151,stillwater,1,US,1519923300,37,36.12,-97.06,51.8,14.99
152,komsomolskiy,48,RU,1519923767,79,67.55,63.78,4.04,13.44
153,barrow,90,US,1519922100,87,39.51,-90.4,44.6,17.22
154,carnarvon,0,AU,1519924397,100,-24.87,113.63,76.26,16.58
155,teahupoo,40,PF,1519921800,78,-17.83,-149.27,78.8,1.12
156,miki,80,JP,1519921800,49,34.85,135.08,46.4,20.8
157,suda,36,RU,1519924259,59,59.15,37.56,-1.59,3.15
158,batagay-alyta,64,RU,1519924259,76,67.8,130.41,-13.74,2.71
159,ustka,56,PL,1519924238,100,54.58,16.86,12.14,8.75
160,high level,40,CA,1519920000,84,58.52,-117.13,-2.21,9.17
161,nhulunbuy,56,AU,1519921800,94,-12.18,136.78,80.6,8.05
162,hov,0,NO,1519924261,61,60.7,10.35,0.71,2.15
163,torbay,90,CA,1519923600,88,47.66,-52.73,32.0,9.17
164,jacareacanga,75,BR,1519920000,66,-6.22,-57.76,91.4,3.36
165,ahipara,36,NZ,1519924264,97,-35.17,173.16,68.21,11.99
166,margate,100,ZA,1519924265,100,-30.86,30.37,73.02,6.62
167,cap malheureux,40,MU,1519920000,88,-19.98,57.61,78.8,1.12
168,talnakh,64,RU,1519924266,73,69.49,88.39,-7.08,26.42
169,hamilton,90,BM,1519919700,64,32.3,-64.78,68.0,8.05
170,roma,44,AU,1519924267,79,-26.57,148.79,73.34,2.93
171,nanortalik,0,GL,1519924000,85,60.14,-45.24,34.86,15.23
172,vondrozo,92,MG,1519924268,100,-22.82,47.32,70.05,1.48
173,poum,44,NC,1519923864,100,-20.23,164.02,81.84,7.85
174,vila franca do campo,75,PT,1519921800,76,37.72,-25.43,53.6,13.87
175,tazovskiy,64,RU,1519924269,63,67.47,78.7,0.17,10.87
176,senanga,80,ZM,1519924270,93,-16.1,23.3,70.91,5.95
177,semypolky,90,UA,1519921800,92,50.72,30.95,14.0,11.18
178,fort frances,1,CA,1519919700,79,48.61,-93.4,23.0,4.7
179,anori,36,BR,1519924271,45,-3.74,-61.66,96.02,6.96
180,yatou,88,CN,1519924272,100,33.81,104.32,36.57,1.7
181,puerto ayora,40,EC,1519920000,70,-0.74,-90.35,84.2,11.41
182,ermoupolis,20,GR,1519923000,62,37.44,24.94,51.8,5.82
183,vallenar,0,CL,1519924274,64,-28.58,-70.76,72.26,2.71
184,along,92,IN,1519924011,89,28.17,94.8,56.06,1.59
185,miandrivazo,44,MG,1519924275,98,-19.53,45.46,70.86,1.7
186,ucluelet,90,CA,1519922280,100,48.94,-125.55,33.8,4.7
187,lindi,88,TZ,1519924275,98,-10.0,39.71,71.36,6.62
188,bedford,1,US,1519923360,44,42.49,-71.28,62.6,4.7
189,luau,48,AO,1519924283,83,-10.71,22.22,71.81,5.61
190,pisco,0,PE,1519920000,69,-13.71,-76.2,73.4,6.93
191,vienne,90,FR,1519923600,75,45.53,4.87,48.2,8.05
192,hilo,90,US,1519919760,77,19.71,-155.08,69.8,8.05
193,saskylakh,0,RU,1519923891,39,71.97,114.09,-25.85,10.31
194,cairns,90,AU,1519921800,100,-16.92,145.77,77.0,12.75
195,yarkovo,75,RU,1519921800,76,54.81,82.6,-5.81,13.42
196,omsukchan,64,RU,1519924286,40,62.53,155.8,-14.82,2.93
197,longyearbyen,20,SJ,1519923000,65,78.22,15.64,8.6,6.93
198,baiyin,0,CN,1519920000,53,36.55,104.13,26.6,6.71
199,taoudenni,0,ML,1519924287,17,22.68,-3.98,86.12,10.65
200,igarka,56,RU,1519924287,73,67.47,86.57,-6.63,22.06
201,xining,0,CN,1519923889,41,36.62,101.77,26.76,5.61
202,nadvoitsy,80,RU,1519924288,80,63.89,34.27,12.63,2.93
203,port augusta,76,AU,1519920000,82,-32.49,137.76,68.0,2.24
204,chateaubelair,75,VC,1519920000,66,13.28,-61.25,84.2,11.41
205,patiala,0,IN,1519924290,75,30.33,76.41,58.44,2.71
206,sept-iles,90,CA,1519921560,86,50.2,-66.38,28.4,18.34
207,kimbe,92,PG,1519924290,100,-5.56,150.15,77.66,1.48
208,maneadero,0,MX,1519924291,47,31.72,-116.57,54.57,3.6
209,benguela,75,AO,1519920000,66,-12.58,13.4,84.2,13.87
210,ratnagiri,0,IN,1519924292,100,16.98,73.3,79.19,7.63
211,ponta do sol,0,CV,1519924438,100,17.2,-25.09,69.29,8.41
212,puerto madero,20,MX,1519918800,62,14.72,-92.42,86.0,11.41
213,sawakin,0,SD,1519924295,79,19.1,37.33,70.37,12.21
214,baruun-urt,0,MN,1519923978,54,46.68,113.28,4.31,10.76
215,caravelas,0,BR,1519923886,99,-17.73,-39.27,82.61,16.8
216,xingcheng,0,CN,1519924296,85,40.62,120.71,21.86,9.31
217,touros,92,BR,1519923985,96,-5.2,-35.46,76.8,13.89
218,batticaloa,48,LK,1519924297,100,7.71,81.69,78.78,5.28
219,santiago del estero,12,AR,1519924221,54,-27.8,-64.26,86.25,8.75
220,kincardine,88,CA,1519924298,88,44.18,-81.63,37.52,15.01
221,kanpur,12,IN,1519921800,73,26.46,80.32,73.4,2.24
222,port moresby,90,PG,1519923600,94,-9.47,147.16,75.2,4.7
223,matamoros,40,MX,1519919040,30,25.53,-103.23,59.0,25.28
224,naze,20,JP,1519924299,100,28.37,129.48,61.77,10.76
225,berlevag,75,NO,1519923000,86,70.86,29.09,26.6,6.93
226,zhigansk,36,RU,1519924300,34,66.77,123.37,-22.83,2.71
227,florencia,0,CR,1519920000,34,10.36,-84.47,78.8,11.41
228,yerbogachen,32,RU,1519923935,50,61.28,108.01,-17.79,2.71
229,trinidad,40,BO,1519920000,66,-14.83,-64.9,89.6,10.29
230,grafenau,0,DE,1519924302,75,48.86,13.39,15.87,12.66
231,panlaitan,0,PH,1519924302,95,12.12,119.85,80.81,11.99
232,morro bay,90,US,1519922220,87,35.37,-120.85,51.8,10.29
233,iqaluit,75,CA,1519920000,85,63.75,-68.52,15.8,3.36
234,isangel,36,VU,1519923905,100,-19.55,169.27,81.57,5.28
235,kibuye,92,RW,1519923870,100,-2.07,29.35,59.97,1.03
236,kalmunai,80,LK,1519924303,100,7.42,81.82,73.92,3.15
237,kahului,1,US,1519920000,82,20.89,-156.47,71.6,4.7
238,matara,8,LK,1519924305,100,5.95,80.54,76.31,3.71
239,georgetown,44,SH,1519923827,100,-7.93,-14.42,79.05,15.68
240,dawei,8,MM,1519924306,83,14.07,98.19,71.54,1.59
241,solnechnyy,76,RU,1519924430,75,50.72,136.64,9.3,8.75
242,honiara,75,SB,1519921800,88,-9.43,159.96,75.2,2.24
243,norman wells,20,CA,1519920000,65,65.28,-126.83,-34.61,2.71
244,goba,88,ET,1519924307,93,7.01,39.97,56.42,3.38
245,ust-kut,36,RU,1519924307,39,56.78,105.75,-13.65,2.48
246,buraydah,40,SA,1519920000,82,26.33,43.97,64.4,16.11
247,ascope,75,PE,1519920000,83,-7.71,-79.11,69.8,10.29
248,wundanyi,88,KE,1519924308,97,-3.4,38.37,68.43,2.71
249,vanavara,0,RU,1519924309,35,60.35,102.28,-24.5,2.59
250,clyde river,90,CA,1519920000,85,70.47,-68.59,10.4,12.75
251,divnoye,92,RU,1519924310,92,45.91,43.34,27.12,6.17
252,bambanglipuro,80,ID,1519924311,100,-7.95,110.28,71.31,2.48
253,portland,68,AU,1519923915,93,-33.35,149.98,56.42,3.15
254,santa maria,40,CV,1519920000,50,16.6,-22.9,78.8,11.41
255,amapa,68,BR,1519924312,81,-1.83,-56.23,85.08,4.94
256,nuuk,75,GL,1519923000,48,64.17,-51.74,42.8,4.7
257,waddan,0,LY,1519924313,22,29.16,16.14,68.25,6.17
258,kholodnyy,20,RU,1519924117,33,62.72,147.95,-25.26,2.48
259,kimberley,90,CA,1519923600,86,49.68,-115.98,30.2,2.24
260,tuy hoa,48,VN,1519924315,98,13.08,109.3,72.66,1.14
261,cabo san lucas,40,MX,1519920000,63,22.89,-109.91,64.4,8.05
262,grindavik,75,IS,1519921800,64,63.84,-22.43,35.6,14.99
263,bilibino,80,RU,1519924316,84,68.06,166.44,7.77,1.59
264,catia la mar,20,VE,1519920000,52,10.6,-67.03,87.8,8.05
265,buta,36,CD,1519924317,67,2.79,24.73,79.37,3.94
266,kenai,1,US,1519919760,60,60.55,-151.26,8.6,8.05
267,wanaka,92,NZ,1519924317,100,-44.7,169.14,54.89,2.04
268,dawson,90,US,1519922100,93,39.85,-89.46,44.6,11.41
269,kingman,1,US,1519922100,43,35.19,-114.05,53.6,4.61
270,constitucion,40,MX,1519918920,42,23.99,-104.67,62.6,6.62
271,kati,40,ML,1519921800,21,12.75,-8.07,100.4,8.05
272,piopio,68,NZ,1519924320,86,-38.47,175.01,63.57,10.42
273,sorland,75,NO,1519923000,100,67.67,12.69,32.0,11.41
274,ponta delgada,75,PT,1519923600,76,37.73,-25.67,53.6,11.41
275,viedma,0,AR,1519924322,31,-40.81,-62.99,80.09,11.65
276,weiser,90,US,1519923180,86,44.25,-116.97,37.4,19.46
277,vila velha,75,BR,1519920000,88,-3.71,-38.6,78.8,9.17
278,zhucheng,90,CN,1519920000,93,30.85,114.8,48.2,4.47
279,cherskiy,88,RU,1519924368,70,68.75,161.3,1.16,5.39
280,mirnyy,36,RU,1519924327,80,56.57,36.46,4.31,10.98
281,progreso,0,MX,1519924327,37,20.25,-99.19,78.78,3.83
282,bo rai,0,TH,1519924328,94,12.57,102.54,70.91,2.48
283,ode,24,NG,1519924328,60,7.79,5.71,84.32,3.15
284,dwarka,40,IN,1519921800,49,28.58,77.04,73.4,3.36
285,chegdomyn,68,RU,1519924329,58,51.13,133.04,0.44,2.59
286,tyulgan,0,RU,1519924232,39,52.34,56.17,-12.48,2.82
287,ancud,68,CL,1519924425,82,-41.87,-73.83,65.24,1.25
288,manokwari,64,ID,1519924330,100,-0.87,134.08,81.3,3.27
289,sola,100,VU,1519923883,100,-13.88,167.55,76.22,2.59
290,los andes,0,CL,1519923600,32,-32.83,-70.6,82.4,13.87
291,comodoro rivadavia,0,AR,1519920000,40,-45.87,-67.48,73.4,5.82
292,esperance,0,AU,1519923840,94,-33.86,121.89,65.69,10.2
293,port hawkesbury,1,CA,1519920000,83,45.62,-61.36,32.0,10.29
294,djenne,0,ML,1519924334,22,13.91,-4.55,98.99,5.73
295,mount gambier,64,AU,1519923825,93,-37.83,140.78,55.02,3.49
296,tigil,12,RU,1519924335,72,57.8,158.67,14.39,13.22
297,namatanai,20,PG,1519923785,100,-3.66,152.44,81.3,8.08
298,thompson,75,CA,1519920000,92,55.74,-97.86,15.8,3.94
299,sabang,36,ID,1519924339,100,1.17,120.82,79.19,3.27
300,dubrovnik,90,HR,1519923600,87,42.65,18.09,44.6,21.92
301,pacific grove,90,US,1519922100,93,36.62,-121.92,55.4,21.92
302,nalut,12,LY,1519924341,34,31.86,10.98,72.75,20.38
303,kongwa,64,TZ,1519924341,96,-6.19,36.41,64.92,3.6
304,aljezur,0,PT,1519924342,99,37.31,-8.8,57.14,26.87
305,aripuana,32,BR,1519924342,50,-9.17,-60.63,93.27,3.27
306,dolores,8,AR,1519924343,62,-36.31,-57.68,84.14,3.49
307,san cristobal,92,EC,1519924231,100,-1.02,-79.44,65.46,3.6
308,ossora,0,RU,1519924343,77,59.24,163.07,15.87,9.53
309,hofn,75,IS,1519920000,51,64.25,-15.21,35.6,8.05
310,la palma,0,PA,1519924432,59,8.4,-78.14,88.23,9.42
311,dickson,20,US,1519923300,87,36.08,-87.39,59.0,10.29
312,port lincoln,44,AU,1519923746,96,-34.72,135.86,66.36,8.41
313,muisne,92,EC,1519924346,99,0.61,-80.02,73.52,3.71
314,sarangani,88,PH,1519923778,100,5.4,125.46,79.05,13.22
315,conchal,75,BR,1519920000,45,-22.34,-47.17,87.8,5.82
316,vestmannaeyjar,0,IS,1519923808,95,63.44,-20.27,34.82,17.47
317,san jose,0,CR,1519920000,33,9.93,-84.08,78.8,10.29
318,susangerd,0,IR,1519921800,49,31.56,48.19,68.0,2.24
319,oranjemund,0,NA,1519924252,94,-28.55,16.43,63.44,21.5
320,lodwar,44,KE,1519924349,77,3.12,35.6,75.45,2.93
321,yulara,0,AU,1519920000,24,-25.24,130.99,78.8,10.29
322,uspenka,92,RU,1519924350,91,47.73,38.7,22.26,4.72
323,samarai,64,PG,1519923931,100,-10.62,150.67,81.39,3.38
324,poya,0,NC,1519924351,100,-21.35,165.16,78.29,5.73
325,ribeirao pires,40,BR,1519920000,45,-23.71,-46.41,86.0,4.7
326,evensk,8,RU,1519924352,100,61.92,159.24,1.47,4.83
327,rio grande,56,BR,1519923966,100,-32.03,-52.1,75.18,10.42
328,three hills,90,CA,1519923600,72,51.7,-113.27,17.6,3.36
329,tabuk,0,SA,1519920000,21,28.38,36.58,71.6,4.7
330,kyra,48,RU,1519924354,55,49.58,111.97,-3.75,2.59
331,nemuro,92,JP,1519923977,90,43.32,145.57,37.11,39.39
332,ust-kulom,48,RU,1519924355,84,61.69,53.69,15.87,6.85
333,owando,8,CG,1519924356,80,-0.49,15.91,78.74,2.71
334,thanh hoa,8,VN,1519924356,92,10.21,106.33,77.61,5.5
335,baie-saint-paul,88,CA,1519924356,79,47.44,-70.51,27.3,5.95
336,ihosy,56,MG,1519924357,98,-22.4,46.13,64.52,2.71
337,alofi,92,NU,1519920000,100,-19.06,-169.92,69.8,1.12
338,aksarka,64,RU,1519924134,76,66.56,67.8,5.25,9.64
339,tynda,24,RU,1519924359,52,55.15,124.74,-19.59,2.59
340,lorengau,100,PG,1519924217,100,-2.02,147.27,82.02,4.16
341,lubsko,20,PL,1519924362,57,51.79,14.97,16.19,11.43
342,nizhniy kuranakh,32,RU,1519924328,50,58.84,125.49,-18.29,2.59
343,dingle,68,IE,1519924364,100,52.14,-10.27,34.32,25.08
344,nyurba,12,RU,1519924364,42,63.29,118.35,-27.29,2.71
345,christiansburg,90,US,1519923300,100,37.13,-80.41,53.6,3.15
346,richards bay,8,ZA,1519924365,75,-28.77,32.06,74.64,6.51
347,pasni,0,PK,1519924366,93,25.26,63.48,73.11,5.06
348,namibe,0,AO,1519924456,100,-15.19,12.15,75.45,11.21
349,mayo,5,CA,1519920000,66,63.59,-135.9,-31.01,2.59
350,bonavista,92,CA,1519923907,96,48.65,-53.11,32.88,8.97
351,denpasar,8,ID,1519924368,100,-8.65,115.22,69.11,1.7
352,garowe,0,SO,1519924369,48,8.41,48.48,77.34,13.44
353,leningradskiy,0,RU,1519923897,81,69.38,178.42,22.98,20.94
354,los llanos de aridane,20,ES,1519923600,43,28.66,-17.92,73.4,10.29
355,motygino,0,RU,1519924370,74,58.18,94.69,-11.76,5.28
356,eureka,90,US,1519922100,87,40.8,-124.16,46.4,11.41
357,walvis bay,0,NA,1519920000,60,-22.95,14.51,69.8,9.17
358,chernyshevskiy,0,RU,1519924372,45,63.01,112.47,-28.95,2.59
359,nanaimo,20,CA,1519923600,93,49.17,-123.94,42.8,2.24
360,ilulissat,75,GL,1519923000,73,69.22,-51.1,24.8,1.12
361,pontianak,44,ID,1519924374,99,-0.02,109.34,77.88,2.93
362,edd,36,ER,1519924375,73,13.93,41.69,75.77,6.29
363,adrar,48,DZ,1519920600,13,27.87,-0.29,84.2,24.16
364,moussoro,0,TD,1519924376,21,13.64,16.49,85.22,7.18
365,fortuna,90,US,1519922100,87,40.6,-124.16,46.4,11.41
366,okhotsk,0,RU,1519923867,100,59.36,143.24,-4.02,2.59
367,rensvik,0,NO,1519923000,41,63.1,7.82,24.8,1.12
368,ekhabi,36,RU,1519924378,69,53.51,142.97,1.74,11.88
369,lodja,48,CD,1519923900,85,-3.52,23.6,75.36,2.71
370,winnemucca,32,US,1519924379,76,40.97,-117.74,34.5,8.08
371,sistranda,0,NO,1519923000,53,63.73,8.83,24.8,12.75
372,maldonado,20,UY,1519920000,51,-34.91,-54.96,82.4,11.41
373,piacabucu,88,BR,1519924142,73,-10.41,-36.43,82.92,11.88
374,cumra,75,TR,1519919400,64,37.57,32.77,37.4,5.82
375,kumluca,0,TR,1519924382,93,36.37,30.29,33.15,0.92
376,dunkwa,36,GH,1519924383,55,5.97,-1.78,87.24,7.63
377,ayagoz,88,KZ,1519924384,82,47.96,80.43,9.75,16.69
378,sheridan,1,US,1519922160,59,39.65,-105.03,41.0,4.61
379,taltal,0,CL,1519924385,41,-25.41,-70.49,75.54,4.16
380,sao gabriel da cachoeira,40,BR,1519920000,63,-0.13,-67.09,91.4,4.7
381,qaqortoq,5,GL,1519923000,69,60.72,-46.03,33.8,2.24
382,honavar,0,IN,1519924388,91,14.28,74.45,75.86,6.62
383,nova granada,8,BR,1519924167,75,-20.53,-49.32,90.21,4.27
384,arlit,0,NE,1519923918,21,18.74,7.39,80.99,5.17
385,mananum,0,PH,1519924390,89,8.83,124.95,78.92,7.74
386,victor harbor,0,AU,1519923600,68,-35.55,138.62,64.4,4.7
387,kutum,0,SD,1519924391,25,14.2,24.66,75.09,10.42
388,zhezkazgan,0,KZ,1519924391,71,47.8,67.71,0.57,12.33
389,verkhnevilyuysk,0,RU,1519923921,41,63.45,120.31,-26.52,3.49
390,nouadhibou,0,MR,1519920000,73,20.93,-17.03,71.6,14.99
391,ust-nera,36,RU,1519924394,45,64.57,143.24,-18.02,1.92
392,sergach,0,RU,1519924395,41,55.53,45.48,-13.02,1.48
393,kattivakkam,0,IN,1519923600,78,13.22,80.32,80.6,8.05
394,belmonte,56,BR,1519923906,70,-26.84,-53.58,86.66,5.73
395,jashpurnagar,0,IN,1519924396,67,22.88,84.14,62.49,2.93
396,muros,40,ES,1519923600,93,42.77,-9.06,39.2,10.29
397,anloga,20,GH,1519920000,70,5.79,0.9,87.8,12.75
398,hede,80,CN,1519924398,76,33.77,120.25,35.27,6.96
399,morwell,36,AU,1519924401,92,-38.24,146.4,57.18,2.15
400,hangu,0,CN,1519921800,50,39.25,117.8,28.4,4.47
401,sinop,90,TR,1519923000,69,42.03,35.15,35.6,5.82
402,kiama,90,AU,1519920000,72,-34.67,150.86,66.2,3.36
403,pangody,48,RU,1519924207,82,65.85,74.49,3.18,13.67
404,key west,1,US,1519923360,79,47.93,-96.78,28.4,8.05
405,harper,12,LR,1519923949,95,4.38,-7.71,82.92,9.64
406,labuhan,92,ID,1519923897,95,-2.54,115.51,73.56,2.15
407,lincoln,92,NZ,1519923600,100,-43.64,172.49,60.8,1.12
408,kapuskasing,40,CA,1519922400,72,49.42,-82.43,17.6,5.82
409,glasgow,90,US,1519923300,100,37.0,-85.91,60.8,12.75
410,tommot,36,RU,1519924410,46,58.97,126.27,-17.12,2.59
411,lhokseumawe,0,ID,1519924410,98,5.18,97.15,82.34,3.94
412,bodden town,40,KY,1519920000,69,19.28,-81.25,80.6,9.17
413,angoche,0,MZ,1519924413,100,-16.23,39.91,83.82,7.18
414,kijang,8,ID,1519924414,96,0.9,104.63,80.04,8.75
415,ixtlan,0,MX,1519924246,33,20.18,-102.4,78.96,2.93
416,sioux lookout,40,CA,1519920000,62,50.1,-91.92,24.8,3.27
417,guerrero negro,0,MX,1519924417,52,27.97,-114.04,62.49,5.61
418,altus,1,US,1519923600,32,34.64,-99.33,51.8,16.11
419,hobyo,80,SO,1519924418,88,5.35,48.53,77.97,9.64
420,san rafael,8,AR,1519924418,35,-34.61,-68.33,83.06,6.73
421,marataizes,8,BR,1519924419,90,-21.04,-40.82,83.19,13.22
422,betanzos,90,BO,1519920000,76,-19.55,-65.45,51.8,13.87
423,mpika,92,ZM,1519924421,99,-11.84,31.4,63.03,4.61
424,warrnambool,64,AU,1519924422,100,-38.38,142.48,59.21,6.62
425,springdale,92,CA,1519924422,93,49.5,-56.06,32.12,15.12
426,katobu,56,ID,1519924423,100,-4.94,122.53,80.4,3.15
427,zhangye,0,CN,1519924423,57,38.94,100.46,26.54,5.28
428,lubango,0,AO,1519924424,38,-14.92,13.49,73.79,3.27
429,plettenberg bay,8,ZA,1519924424,96,-34.05,23.37,68.07,12.88
430,mongu,92,ZM,1519924425,98,-15.27,23.14,67.08,3.15
431,zeya,12,RU,1519924425,38,53.74,127.27,-12.93,2.37
432,karoi,88,ZW,1519924426,95,-16.82,29.68,67.44,5.61
433,champerico,40,GT,1519920000,58,14.3,-91.92,84.2,9.17
434,fukue,40,JP,1519922160,61,35.03,136.69,46.4,24.16
435,agadir,75,MA,1519921800,82,30.42,-9.58,64.4,16.11
436,tuatapere,76,NZ,1519924428,100,-46.13,167.69,60.06,5.39
437,aquiraz,75,BR,1519920000,88,-3.9,-38.39,78.8,9.17
438,souillac,40,MU,1519920000,88,-20.52,57.52,78.8,1.12
439,chifeng,0,CN,1519924429,46,42.27,118.96,22.76,13.0
440,broken hill,0,AU,1519924431,79,-31.97,141.45,58.04,4.83
441,ekibastuz,48,KZ,1519924432,85,51.72,75.32,2.51,10.2
442,san patricio,75,MX,1519918860,88,19.22,-104.7,75.2,5.39
443,sambava,8,MG,1519923874,100,-14.27,50.17,82.65,16.46
444,kuhdasht,20,IR,1519919400,53,33.53,47.61,51.8,4.7
445,alugan,92,PH,1519924435,100,12.22,125.48,77.39,6.4
446,huarmey,36,PE,1519924009,55,-10.07,-78.15,78.02,3.94
447,noshiro,88,JP,1519924438,100,40.21,140.05,37.52,45.43
448,bagupaye,8,PH,1519924439,94,13.57,122.39,74.37,3.71
449,miltenberg,75,DE,1519923000,29,49.7,9.25,33.8,12.75
450,mingaora,92,PK,1519924441,100,34.78,72.36,45.48,1.7
451,skjervoy,90,NO,1519923000,100,70.03,20.97,37.4,2.24
452,maniitsoq,80,GL,1519924443,75,65.42,-52.9,32.61,9.75
453,auki,92,SB,1519924444,100,-8.77,160.7,77.88,8.41
454,antibes,90,FR,1519923600,86,43.58,7.11,41.0,10.29
455,imbituba,40,BR,1519920000,66,-28.24,-48.67,86.0,11.41
456,chokwe,0,MZ,1519924446,66,-24.53,32.98,76.17,11.1
457,coahuayana,0,MX,1519924447,24,18.62,-100.35,84.36,3.04
458,namtsy,48,RU,1519924448,32,62.72,129.66,-21.93,1.81
459,salalah,20,OM,1519919400,73,17.01,54.1,77.0,6.93
460,zaysan,92,KZ,1519924450,93,47.47,84.87,30.86,6.17
461,high rock,75,BS,1519920000,65,26.63,-78.28,78.8,3.36
462,rock sound,44,BS,1519924451,100,24.9,-76.2,74.06,2.82
463,bethanien,88,NA,1519924451,23,-26.5,17.16,85.8,4.05
464,roebourne,24,AU,1519924452,77,-20.77,117.15,79.14,3.71
465,khao yoi,12,TH,1519924453,92,13.24,99.82,71.85,3.15
466,lavrentiya,92,RU,1519924453,98,65.58,-170.99,27.93,37.16
467,san juan,40,US,1519923300,34,26.19,-98.16,80.6,13.87
468,kupang,0,ID,1519924454,100,-10.16,123.6,78.29,2.71
469,okha,36,RU,1519924454,69,53.59,142.95,1.74,11.88
470,smithers,90,CA,1519923600,74,54.78,-127.17,28.4,12.75
471,wattegama,20,LK,1519924455,95,7.35,80.68,68.39,2.37
472,tessalit,64,ML,1519924456,23,20.2,1.01,89.58,6.62
473,sibu,75,MY,1519923600,100,2.29,111.83,73.4,2.24
474,pevek,24,RU,1519924457,70,69.7,170.27,19.65,17.36
475,kota kinabalu,75,MY,1519923600,88,5.98,116.07,78.8,0.25
476,brandfort,40,ZA,1519922220,82,-28.7,26.46,62.6,3.36
477,gurupi,0,BR,1519924260,58,-11.73,-49.07,91.16,6.85
478,saint-augustin,40,CA,1519920000,64,45.63,-73.98,35.6,5.82
479,saint-marc-des-carrieres,90,CA,1519920000,86,46.68,-72.05,32.0,4.7
480,laukaa,90,FI,1519923000,66,62.42,25.95,14.0,2.24
481,dzaoudzi,48,YT,1519921800,78,-12.79,45.27,82.4,5.82
482,carauari,8,BR,1519924463,64,-4.88,-66.9,91.47,4.94
483,bakreswar,0,IN,1519924464,58,23.88,87.37,69.33,5.73
484,gigmoto,36,PH,1519924464,100,13.78,124.39,78.06,5.61
485,tromso,90,NO,1519923000,100,69.65,18.96,32.0,17.22
486,hualmay,12,PE,1519924468,65,-11.1,-77.61,76.44,4.61
487,fernley,75,US,1519923360,56,39.61,-119.25,44.6,17.22
488,nara,92,ML,1519924469,17,15.17,-7.29,100.74,6.17
489,empalme,5,MX,1519918800,44,27.96,-110.81,59.0,6.96
490,north bend,90,US,1519923360,93,43.41,-124.22,37.4,10.29
491,gamboula,64,CF,1519924471,78,4.12,15.14,75.41,5.39
492,beringovskiy,36,RU,1519924472,81,63.05,179.32,30.59,18.03
493,bharatpur,56,NP,1519924473,90,27.68,84.43,58.62,2.59
494,mangrol,12,IN,1519923885,70,25.33,76.51,67.04,2.71
495,narsaq,5,GL,1519923000,69,60.91,-46.05,33.8,2.24
496,howell,1,US,1519924500,50,40.17,-74.19,60.8,9.17
497,ozernovskiy,64,RU,1519924476,93,51.5,156.52,18.26,2.37
498,brebu,0,RO,1519923600,79,45.42,21.99,24.8,4.7
499,san jeronimo,5,MX,1519919160,29,29.37,-110.79,60.8,4.38
500,bugama,40,NG,1519920000,62,4.73,6.86,86.0,3.36
501,shintomi,0,JP,1519924479,100,32.08,131.47,44.04,8.41
502,hilton head island,40,US,1519923360,78,32.16,-80.75,75.2,12.75
503,yangambi,32,CD,1519924479,91,0.77,24.47,74.91,2.59
504,bandarbeyla,0,SO,1519923983,100,9.49,50.81,77.43,8.86
505,shaowu,92,CN,1519924481,98,27.34,117.49,54.44,1.92
506,jiexiu,12,CN,1519924482,77,37.02,111.92,29.37,6.62
507,peleduy,32,RU,1519924482,46,59.63,112.75,-16.44,2.59
508,gamovo,40,RU,1519921800,61,57.87,56.11,17.6,8.95
509,morant bay,20,JM,1519920000,69,17.88,-76.41,80.6,8.05
510,bennington,20,US,1519923240,57,42.88,-73.2,50.0,6.93
511,cleveland,90,US,1519923300,93,41.51,-81.69,50.0,16.11
512,sal rei,20,CV,1519923600,64,16.18,-22.92,77.0,9.17
513,jalu,0,LY,1519924344,43,29.03,21.55,65.37,3.94
514,tottori,88,JP,1519924196,91,35.5,134.23,37.29,12.44
515,kabanjahe,48,ID,1519924488,99,3.1,98.49,64.61,1.14
516,pauini,0,BR,1519924489,48,-7.71,-67.0,94.44,3.71
517,sulangan,8,PH,1519924489,100,11.14,123.72,81.39,12.55
518,petropavlovka,0,RU,1519924490,66,50.61,105.32,-2.76,3.94
519,charters towers,100,AU,1519924490,96,-20.07,146.27,74.24,6.96
520,palora,92,EC,1519924490,95,-1.7,-77.97,66.81,2.71
521,behshahr,90,IR,1519920000,93,36.69,53.54,51.8,4.7
522,pula,90,HR,1519923600,100,44.87,13.85,35.6,8.05
523,yarmouth,90,CA,1519923600,87,43.84,-66.12,44.6,13.87
524,orbetello,90,IT,1519923300,100,42.44,11.21,42.8,26.4
525,turbat,0,PK,1519924494,60,26.0,63.05,67.89,4.05
526,puerto colombia,0,CO,1519920000,55,10.99,-74.96,87.8,11.41
527,kamenka,0,RU,1519924495,62,53.19,44.05,1.02,9.98
528,cockburn town,44,BS,1519924496,100,24.03,-74.52,75.18,6.4
529,bosaso,0,SO,1519924312,100,11.28,49.18,75.09,2.37
530,san roque,56,PH,1519924499,100,12.54,124.87,76.76,7.52
531,namie,0,JP,1519924500,100,37.52,140.86,40.04,31.34
532,priboj,90,RS,1519923600,100,43.58,19.53,19.4,6.93
533,bend,1,US,1519923360,82,44.06,-121.32,37.4,6.93
534,sakaiminato,75,JP,1519920000,39,35.55,133.23,44.6,11.41
535,raudeberg,0,NO,1519923000,32,61.99,5.14,26.6,3.36
536,santona,75,ES,1519923600,72,43.44,-3.46,62.6,12.75
537,shimoda,0,JP,1519924506,100,34.7,138.93,50.25,35.37
538,bawku,0,GH,1519924506,18,11.06,-0.24,94.08,9.86
539,kurumkan,36,RU,1519924507,70,54.33,110.32,-13.25,2.15
540,abhar,88,IR,1519924507,77,36.14,49.22,35.99,3.94
541,thunder bay,90,CA,1519920000,79,48.41,-89.26,24.8,10.29
542,mbulu,48,TZ,1519924508,100,-3.86,35.54,62.58,3.6
543,moron,8,MN,1519924509,62,47.38,110.32,1.02,5.84
544,ngaoundere,20,CM,1519920000,40,7.32,13.58,89.6,9.17
